country_code,name,path,sha,download_url
ad,ad.json,tv/raw/countries/ad.json,45296265a1060586386881f7c319ec5f59eb0fc7,https://raw.githubusercontent.com/famelack/famelack-data/main/tv/raw/countries/ad.json
ae,ae.json,tv/raw/countries/ae.json,7bb2979dd66e43eddd8e7f0650a2d79f3995742a,https://raw.githubusercontent.com/famelack/famelack-data/main/tv/raw/countries/ae.json
af,af.json,tv/raw/countries/af.json,93503fa1e3fa739f9a73a88d6f1f7ef8477fb892,https://raw.githubusercontent.com/famelack/famelack-data/main/tv/raw/countries/af.json
al,al.json,tv/raw/countries/al.json,c4c2004cdc050647ccb81de57e7674464c85932d,https://raw.githubusercontent.com/famelack/famelack-data/main/tv/raw/countries/al.json
am,am.json,tv/raw/countries/am.json,d44577892c2eaa2445abb8a633a2af7a43f6bc1c,https://raw.githubusercontent.com/famelack/famelack-data/main/tv/raw/countries/am.json
ao,ao.json,tv/raw/countries/ao.json,2ed310917de6cb3de7c9a8ccb4d9055c01f7d914,https://raw.githubusercontent.com/famelack/famelack-data/main/tv/raw/countries/ao.json
ar,ar.json,tv/raw/countries/ar.json,1076114793ab88a836c22547968669e0e45b1544,https://raw.githubusercontent.com/famelack/famelack-data/main/tv/raw/countries/ar.json
at,at.json,tv/raw/countries/at.json,93c06cb51be9a899c396c6f9e40b0e4630f0aadc,https://raw.githubusercontent.com/famelack/famelack-data/main/tv/raw/countries/at.json
au,au.json,tv/raw/countries/au.json,adc6b149e88757fd21de5e26fe5fd3c808ee8db6,https://raw.githubusercontent.com/famelack/famelack-data/main/tv/raw/countries/au.json
aw,aw.json,tv/raw/countries/aw.json,7f3c35b3fc6764e2ace051ef8d4b70e0145d849b,https://raw.githubusercontent.com/famelack/famelack-data/main/tv/raw/countries/aw.json
az,az.json,tv/raw/countries/az.json,c7a1b664e61b901736155398dee23b1aa47f51ff,https://raw.githubusercontent.com/famelack/famelack-data/main/tv/raw/countries/az.json
ba,ba.json,tv/raw/countries/ba.json,fa1455cdb67e5386043002bf4a5b479c5430cc35,https://raw.githubusercontent.com/famelack/famelack-data/main/tv/raw/countries/ba.json
bd,bd.json,tv/raw/countries/bd.json,8685c7ae7b69dadfe1b5bfeaa9ad4d875f6b7399,https://raw.githubusercontent.com/famelack/famelack-data/main/tv/raw/countries/bd.json
be,be.json,tv/raw/countries/be.json,2a70903e5ba3920cfc534666b4332c5d22d7c2fc,https://raw.githubusercontent.com/famelack/famelack-data/main/tv/raw/countries/be.json
bf,bf.json,tv/raw/countries/bf.json,b53b090833b33af4bc7b418866c55ad54edd2234,https://raw.githubusercontent.com/famelack/famelack-data/main/tv/raw/countries/bf.json
bg,bg.json,tv/raw/countries/bg.json,685e2682a049075c4cc4b25cc293388ab3aa38b4,https://raw.githubusercontent.com/famelack/famelack-data/main/tv/raw/countries/bg.json
bh,bh.json,tv/raw/countries/bh.json,6b211179a83b3a3620d8e1e94f3a8b4731ccefcf,https://raw.githubusercontent.com/famelack/famelack-data/main/tv/raw/countries/bh.json
bj,bj.json,tv/raw/countries/bj.json,4118bbac7549e411d2657fdc37a853cc7c78aa5c,https://raw.githubusercontent.com/famelack/famelack-data/main/tv/raw/countries/bj.json
bo,bo.json,tv/raw/countries/bo.json,61055826876fd97c3ae09f61b2c2348b8a467809,https://raw.githubusercontent.com/famelack/famelack-data/main/tv/raw/countries/bo.json
bq,bq.json,tv/raw/countries/bq.json,01ed0affa1d01e979aab04c35ae6b7603006e57b,https://raw.githubusercontent.com/famelack/famelack-data/main/tv/raw/countries/bq.json
br,br.json,tv/raw/countries/br.json,a14579f1116e226a90402ca5fc1d4172951f7924,https://raw.githubusercontent.com/famelack/famelack-data/main/tv/raw/countries/br.json
bs,bs.json,tv/raw/countries/bs.json,d83e413b0024b7f26d263ba1ec1ae12ac75a6695,https://raw.githubusercontent.com/famelack/famelack-data/main/tv/raw/countries/bs.json
by,by.json,tv/raw/countries/by.json,47c2c8c20039a97d3a51b95481e1d0e38fca5614,https://raw.githubusercontent.com/famelack/famelack-data/main/tv/raw/countries/by.json
bz,bz.json,tv/raw/countries/bz.json,883de09d9c8eca5080f6a9763d03d38b702dcf87,https://raw.githubusercontent.com/famelack/famelack-data/main/tv/raw/countries/bz.json
ca,ca.json,tv/raw/countries/ca.json,b14efdff59c9f3e7d78611147632a2a88808d1ca,https://raw.githubusercontent.com/famelack/famelack-data/main/tv/raw/countries/ca.json
cd,cd.json,tv/raw/countries/cd.json,74e3dbfc5e3950f5a0aeb45352b536aa52671ba7,https://raw.githubusercontent.com/famelack/famelack-data/main/tv/raw/countries/cd.json
ch,ch.json,tv/raw/countries/ch.json,5546f2b1410e57453cee6619dd0cfb841cfb916e,https://raw.githubusercontent.com/famelack/famelack-data/main/tv/raw/countries/ch.json
ci,ci.json,tv/raw/countries/ci.json,7856502133b1911fa6c52c6a4b82b813d2631a7b,https://raw.githubusercontent.com/famelack/famelack-data/main/tv/raw/countries/ci.json
cl,cl.json,tv/raw/countries/cl.json,eaa9c387ce1e7cbdcdee8335a35b9e24a96e3c20,https://raw.githubusercontent.com/famelack/famelack-data/main/tv/raw/countries/cl.json
cm,cm.json,tv/raw/countries/cm.json,fd7a8f21d765447a42b3734e0131d6e89c7439b4,https://raw.githubusercontent.com/famelack/famelack-data/main/tv/raw/countries/cm.json
cn,cn.json,tv/raw/countries/cn.json,d80fd381dc6b024f0af2482a02faeb97c74ce280,https://raw.githubusercontent.com/famelack/famelack-data/main/tv/raw/countries/cn.json
co,co.json,tv/raw/countries/co.json,311f32a4378e917c6e53fcd5bded288cd54c75d4,https://raw.githubusercontent.com/famelack/famelack-data/main/tv/raw/countries/co.json
cr,cr.json,tv/raw/countries/cr.json,8b66d0d611d552674c7c0059a2978297084379b2,https://raw.githubusercontent.com/famelack/famelack-data/main/tv/raw/countries/cr.json
cu,cu.json,tv/raw/countries/cu.json,37a8acb11ad060768068228d1188e74d98abaea3,https://raw.githubusercontent.com/famelack/famelack-data/main/tv/raw/countries/cu.json
cv,cv.json,tv/raw/countries/cv.json,22e2b5a4cdfec27cdd4c5f99bee0194accfb8ffa,https://raw.githubusercontent.com/famelack/famelack-data/main/tv/raw/countries/cv.json
cw,cw.json,tv/raw/countries/cw.json,1735c8d9c37d613db8ed4a0120e2e9ec66bf321f,https://raw.githubusercontent.com/famelack/famelack-data/main/tv/raw/countries/cw.json
cy,cy.json,tv/raw/countries/cy.json,8d1881f3b612289aa511fcbddeafec45df252276,https://raw.githubusercontent.com/famelack/famelack-data/main/tv/raw/countries/cy.json
cz,cz.json,tv/raw/countries/cz.json,bc7787ac8528eff5c79722c4faf19a0a7e0f1ff9,https://raw.githubusercontent.com/famelack/famelack-data/main/tv/raw/countries/cz.json
de,de.json,tv/raw/countries/de.json,afa3bc2d53a4bff5988e9e84800e82930a8e6ca9,https://raw.githubusercontent.com/famelack/famelack-data/main/tv/raw/countries/de.json
dj,dj.json,tv/raw/countries/dj.json,72a592f592a53671488b41eeac98043022c7f1ed,https://raw.githubusercontent.com/famelack/famelack-data/main/tv/raw/countries/dj.json
dk,dk.json,tv/raw/countries/dk.json,4008e805f042fd2e7505b126862347e60e7e6270,https://raw.githubusercontent.com/famelack/famelack-data/main/tv/raw/countries/dk.json
do,do.json,tv/raw/countries/do.json,fafa71979c64f593f87639857e0abba1a9e729d8,https://raw.githubusercontent.com/famelack/famelack-data/main/tv/raw/countries/do.json
dz,dz.json,tv/raw/countries/dz.json,7682ee37c59ce854a7858014d799949a2b9bb714,https://raw.githubusercontent.com/famelack/famelack-data/main/tv/raw/countries/dz.json
ec,ec.json,tv/raw/countries/ec.json,1f30af9159af230f4c68287c3c6297fd7d36a69f,https://raw.githubusercontent.com/famelack/famelack-data/main/tv/raw/countries/ec.json
ee,ee.json,tv/raw/countries/ee.json,a344405ae5532e571e0ef0fc677deb4dff49dafe,https://raw.githubusercontent.com/famelack/famelack-data/main/tv/raw/countries/ee.json
eg,eg.json,tv/raw/countries/eg.json,fc840cf438c09754f1baf99754bb7b4fc3f37260,https://raw.githubusercontent.com/famelack/famelack-data/main/tv/raw/countries/eg.json
eh,eh.json,tv/raw/countries/eh.json,a941aa7d73a4c259f2a56185336c00d15b098556,https://raw.githubusercontent.com/famelack/famelack-data/main/tv/raw/countries/eh.json
er,er.json,tv/raw/countries/er.json,1dc4a830b4b7875cd5b7f0e631d2dbe1cdc286cd,https://raw.githubusercontent.com/famelack/famelack-data/main/tv/raw/countries/er.json
es,es.json,tv/raw/countries/es.json,0e3ce580263653f816675b48ac80dd4cbb17b469,https://raw.githubusercontent.com/famelack/famelack-data/main/tv/raw/countries/es.json
fi,fi.json,tv/raw/countries/fi.json,b7d6d8bdd08b6631b841dda7c4618e42f5206f83,https://raw.githubusercontent.com/famelack/famelack-data/main/tv/raw/countries/fi.json
fo,fo.json,tv/raw/countries/fo.json,f016d2508c88efed7725f0c2eaa85073906e1bd4,https://raw.githubusercontent.com/famelack/famelack-data/main/tv/raw/countries/fo.json
fr,fr.json,tv/raw/countries/fr.json,a0cc419fd6dda0af01046098cd98ef62002c2cf9,https://raw.githubusercontent.com/famelack/famelack-data/main/tv/raw/countries/fr.json
ge,ge.json,tv/raw/countries/ge.json,aa837e3ef85dbf92adc9c010ab1df7e8e72ba0b2,https://raw.githubusercontent.com/famelack/famelack-data/main/tv/raw/countries/ge.json
gf,gf.json,tv/raw/countries/gf.json,b6b7e2532f082f75b077f465adf6a12677bfc10e,https://raw.githubusercontent.com/famelack/famelack-data/main/tv/raw/countries/gf.json
gh,gh.json,tv/raw/countries/gh.json,540e07752043581d6e792ee2c8564feadd9e7199,https://raw.githubusercontent.com/famelack/famelack-data/main/tv/raw/countries/gh.json
gl,gl.json,tv/raw/countries/gl.json,b937389b8440cd2e21fbebec68477e009af0e5b4,https://raw.githubusercontent.com/famelack/famelack-data/main/tv/raw/countries/gl.json
gm,gm.json,tv/raw/countries/gm.json,06bb153efd5f7fc67d8c08cac680659c539c826b,https://raw.githubusercontent.com/famelack/famelack-data/main/tv/raw/countries/gm.json
gn,gn.json,tv/raw/countries/gn.json,2f89be18793985e06e94782c6066b78a05700a0e,https://raw.githubusercontent.com/famelack/famelack-data/main/tv/raw/countries/gn.json
gp,gp.json,tv/raw/countries/gp.json,60898f67ca37363b4551af96ae6e210d78ef1daf,https://raw.githubusercontent.com/famelack/famelack-data/main/tv/raw/countries/gp.json
gq,gq.json,tv/raw/countries/gq.json,679863c891d4e925a1222999275048495bf83741,https://raw.githubusercontent.com/famelack/famelack-data/main/tv/raw/countries/gq.json
gr,gr.json,tv/raw/countries/gr.json,5c77b741892288297e3ad80c5ea657cdc930af65,https://raw.githubusercontent.com/famelack/famelack-data/main/tv/raw/countries/gr.json
gt,gt.json,tv/raw/countries/gt.json,3ebdd35196f59288b2ab09b957394e2d2bb8430a,https://raw.githubusercontent.com/famelack/famelack-data/main/tv/raw/countries/gt.json
gu,gu.json,tv/raw/countries/gu.json,87f38cb0ce0ea8dc94783c2bdfc7ecc571a639b1,https://raw.githubusercontent.com/famelack/famelack-data/main/tv/raw/countries/gu.json
gy,gy.json,tv/raw/countries/gy.json,5f661035b690de16fc3730ecd28ea4008b00ea99,https://raw.githubusercontent.com/famelack/famelack-data/main/tv/raw/countries/gy.json
hk,hk.json,tv/raw/countries/hk.json,1362dfaad3bb53991662ec3997a87b1af420933e,https://raw.githubusercontent.com/famelack/famelack-data/main/tv/raw/countries/hk.json
hn,hn.json,tv/raw/countries/hn.json,8fc69683e00542c5f794d3c60dfba80506300f0d,https://raw.githubusercontent.com/famelack/famelack-data/main/tv/raw/countries/hn.json
hr,hr.json,tv/raw/countries/hr.json,3b8bf2ff4436ea867181872aaa94aed07587d8ff,https://raw.githubusercontent.com/famelack/famelack-data/main/tv/raw/countries/hr.json
ht,ht.json,tv/raw/countries/ht.json,ef3da9d32c6d79cd843b4516761093130380f8d9,https://raw.githubusercontent.com/famelack/famelack-data/main/tv/raw/countries/ht.json
hu,hu.json,tv/raw/countries/hu.json,2be13226c2ee64e3ac3069c966cb1aa9d97fe6d3,https://raw.githubusercontent.com/famelack/famelack-data/main/tv/raw/countries/hu.json
id,id.json,tv/raw/countries/id.json,f1858639c24c7d7585d146ae27d901525e116642,https://raw.githubusercontent.com/famelack/famelack-data/main/tv/raw/countries/id.json
ie,ie.json,tv/raw/countries/ie.json,2035359f2f5ce5dd0289881a70c902e280b8734c,https://raw.githubusercontent.com/famelack/famelack-data/main/tv/raw/countries/ie.json
il,il.json,tv/raw/countries/il.json,1305deae266dde82f21902ac500fc31560d4e415,https://raw.githubusercontent.com/famelack/famelack-data/main/tv/raw/countries/il.json
in,in.json,tv/raw/countries/in.json,355c2955d4c76f73e0d0f8d7c89c5ba05e174819,https://raw.githubusercontent.com/famelack/famelack-data/main/tv/raw/countries/in.json
iq,iq.json,tv/raw/countries/iq.json,ec3ad29077ec6e80de8ec28f81eff3850cfdcf36,https://raw.githubusercontent.com/famelack/famelack-data/main/tv/raw/countries/iq.json
ir,ir.json,tv/raw/countries/ir.json,f8d5427cfc5d7ffc02c225dcc46861338ad6a263,https://raw.githubusercontent.com/famelack/famelack-data/main/tv/raw/countries/ir.json
is,is.json,tv/raw/countries/is.json,9f68185cf8f3e59b9244223c13793b393bcc60f1,https://raw.githubusercontent.com/famelack/famelack-data/main/tv/raw/countries/is.json
it,it.json,tv/raw/countries/it.json,3ee78c854bb69f7982bb8fd64aaf00c462f6c2f3,https://raw.githubusercontent.com/famelack/famelack-data/main/tv/raw/countries/it.json
jm,jm.json,tv/raw/countries/jm.json,9375bea467b38122b2d48bd49bee6f34b0ec5b11,https://raw.githubusercontent.com/famelack/famelack-data/main/tv/raw/countries/jm.json
jo,jo.json,tv/raw/countries/jo.json,87cae7884db62918dfd9ee6fc2ec057361262ae3,https://raw.githubusercontent.com/famelack/famelack-data/main/tv/raw/countries/jo.json
jp,jp.json,tv/raw/countries/jp.json,cc5748be964970c905376406e028eef8332d9f9b,https://raw.githubusercontent.com/famelack/famelack-data/main/tv/raw/countries/jp.json
ke,ke.json,tv/raw/countries/ke.json,5a1ae0135a37b9a160098de26effcd1380b30332,https://raw.githubusercontent.com/famelack/famelack-data/main/tv/raw/countries/ke.json
kh,kh.json,tv/raw/countries/kh.json,2bed4656f56a4fd03ddc9b948beadefd497b6983,https://raw.githubusercontent.com/famelack/famelack-data/main/tv/raw/countries/kh.json
kn,kn.json,tv/raw/countries/kn.json,c48c6d5c5a39e4f27dc82d0bd306900eed0d0749,https://raw.githubusercontent.com/famelack/famelack-data/main/tv/raw/countries/kn.json
kp,kp.json,tv/raw/countries/kp.json,9c5f920dfc43567c7058325c95ce751b5ca0f796,https://raw.githubusercontent.com/famelack/famelack-data/main/tv/raw/countries/kp.json
kr,kr.json,tv/raw/countries/kr.json,d7865aa8c8b82da1d42d3b4efc02f7603ee1cc5e,https://raw.githubusercontent.com/famelack/famelack-data/main/tv/raw/countries/kr.json
kw,kw.json,tv/raw/countries/kw.json,e3f4a40b0ac5e8e43c2a6bc5f88e04b7bf31e02b,https://raw.githubusercontent.com/famelack/famelack-data/main/tv/raw/countries/kw.json
kz,kz.json,tv/raw/countries/kz.json,300013c2547556001cb52c9fc93e0a586e7e3224,https://raw.githubusercontent.com/famelack/famelack-data/main/tv/raw/countries/kz.json
la,la.json,tv/raw/countries/la.json,86962160b241f6e67b367749b1d35364a0937808,https://raw.githubusercontent.com/famelack/famelack-data/main/tv/raw/countries/la.json
lb,lb.json,tv/raw/countries/lb.json,82ba1edd069ee090909bb0282b766249a24cf2c2,https://raw.githubusercontent.com/famelack/famelack-data/main/tv/raw/countries/lb.json
lk,lk.json,tv/raw/countries/lk.json,df7149ba50c884708a19eb4c0227928572db3643,https://raw.githubusercontent.com/famelack/famelack-data/main/tv/raw/countries/lk.json
lt,lt.json,tv/raw/countries/lt.json,22b2cd3c08608501ce950423a814813ba3bb22c8,https://raw.githubusercontent.com/famelack/famelack-data/main/tv/raw/countries/lt.json
lu,lu.json,tv/raw/countries/lu.json,0f0fbd65540c53dcc3f9833429f3c0606b2f0732,https://raw.githubusercontent.com/famelack/famelack-data/main/tv/raw/countries/lu.json
lv,lv.json,tv/raw/countries/lv.json,0a58a1ae68cc139cdf5fe8aa83eb75b578869e2a,https://raw.githubusercontent.com/famelack/famelack-data/main/tv/raw/countries/lv.json
ly,ly.json,tv/raw/countries/ly.json,ab057d1d5c2f186c6ad6fce2f493f8cf71eb0eb2,https://raw.githubusercontent.com/famelack/famelack-data/main/tv/raw/countries/ly.json
ma,ma.json,tv/raw/countries/ma.json,2c7313a17249064158daea2f14b4e80d5d1ceaab,https://raw.githubusercontent.com/famelack/famelack-data/main/tv/raw/countries/ma.json
mc,mc.json,tv/raw/countries/mc.json,081cb41d754c1895ce888a3f7295eab43ad8c5cd,https://raw.githubusercontent.com/famelack/famelack-data/main/tv/raw/countries/mc.json
md,md.json,tv/raw/countries/md.json,a2560a589a6edd7b5a5954229caec38542a17a9d,https://raw.githubusercontent.com/famelack/famelack-data/main/tv/raw/countries/md.json
me,me.json,tv/raw/countries/me.json,7f94db00a6ec7ed4e801f33ad21174fc17f56350,https://raw.githubusercontent.com/famelack/famelack-data/main/tv/raw/countries/me.json
mk,mk.json,tv/raw/countries/mk.json,f031be0cf4153de0b0f0e90b2fdab0277c79e5eb,https://raw.githubusercontent.com/famelack/famelack-data/main/tv/raw/countries/mk.json
ml,ml.json,tv/raw/countries/ml.json,2fad91789c05718176d84ea488a11fa9dee3e797,https://raw.githubusercontent.com/famelack/famelack-data/main/tv/raw/countries/ml.json
mm,mm.json,tv/raw/countries/mm.json,d2a7d26bbbde6bbb55c4d03b1a7adda1f808fb27,https://raw.githubusercontent.com/famelack/famelack-data/main/tv/raw/countries/mm.json
mn,mn.json,tv/raw/countries/mn.json,1da29f328aaaf6046a98e7c9dea9679065786a18,https://raw.githubusercontent.com/famelack/famelack-data/main/tv/raw/countries/mn.json
mo,mo.json,tv/raw/countries/mo.json,3a8ff93b93ff89830bd0aa4b6c51d5677ca50bed,https://raw.githubusercontent.com/famelack/famelack-data/main/tv/raw/countries/mo.json
mq,mq.json,tv/raw/countries/mq.json,9aff676cc4f9934f7993638bf0f754ec01bdec2d,https://raw.githubusercontent.com/famelack/famelack-data/main/tv/raw/countries/mq.json
mt,mt.json,tv/raw/countries/mt.json,097e26f8bffc9dfa462ac81e0ab1136f4a3783c1,https://raw.githubusercontent.com/famelack/famelack-data/main/tv/raw/countries/mt.json
mv,mv.json,tv/raw/countries/mv.json,02cf55fe15a3197a039db7011f574c9df3a47cc8,https://raw.githubusercontent.com/famelack/famelack-data/main/tv/raw/countries/mv.json
mx,mx.json,tv/raw/countries/mx.json,ba8b71af775dd51fd145aaebc8aeee0ebe87cde4,https://raw.githubusercontent.com/famelack/famelack-data/main/tv/raw/countries/mx.json
my,my.json,tv/raw/countries/my.json,585c08e99436521532597d1f0bcbcba62f3763ae,https://raw.githubusercontent.com/famelack/famelack-data/main/tv/raw/countries/my.json
mz,mz.json,tv/raw/countries/mz.json,4a6200e47eee1f44b7c4fd32012107742a91cfa2,https://raw.githubusercontent.com/famelack/famelack-data/main/tv/raw/countries/mz.json
na,na.json,tv/raw/countries/na.json,c35dfd483cb26f50207f479dd6f01bc161ef7fa7,https://raw.githubusercontent.com/famelack/famelack-data/main/tv/raw/countries/na.json
ne,ne.json,tv/raw/countries/ne.json,48861bdf9047c1e9070ffa656f05012f57bcac65,https://raw.githubusercontent.com/famelack/famelack-data/main/tv/raw/countries/ne.json
ng,ng.json,tv/raw/countries/ng.json,c410799fd834cffd465a6c4db970dd9d761fbe07,https://raw.githubusercontent.com/famelack/famelack-data/main/tv/raw/countries/ng.json
ni,ni.json,tv/raw/countries/ni.json,92ac773184c6ed966e8d8163a785608bb0da5b87,https://raw.githubusercontent.com/famelack/famelack-data/main/tv/raw/countries/ni.json
nl,nl.json,tv/raw/countries/nl.json,d6b2a21d59b550a359e4091bf3921bb5badff7d7,https://raw.githubusercontent.com/famelack/famelack-data/main/tv/raw/countries/nl.json
no,no.json,tv/raw/countries/no.json,9b8e7efd8c8a493819a25ef58fa0ebce9b47f6a8,https://raw.githubusercontent.com/famelack/famelack-data/main/tv/raw/countries/no.json
np,np.json,tv/raw/countries/np.json,90b011ec4d531b65fce0c799957753fbad8cd245,https://raw.githubusercontent.com/famelack/famelack-data/main/tv/raw/countries/np.json
nz,nz.json,tv/raw/countries/nz.json,cac1e143be2f2e35a1a8b3c2ba459ba27aba98ab,https://raw.githubusercontent.com/famelack/famelack-data/main/tv/raw/countries/nz.json
om,om.json,tv/raw/countries/om.json,f394ec8cdc1994f3819bab59b643f415bb82b337,https://raw.githubusercontent.com/famelack/famelack-data/main/tv/raw/countries/om.json
pa,pa.json,tv/raw/countries/pa.json,64dba46ff3ddcfaee3717e4b781b4a8d61894ab5,https://raw.githubusercontent.com/famelack/famelack-data/main/tv/raw/countries/pa.json
pe,pe.json,tv/raw/countries/pe.json,895d3bee4bea38ae8863c6a22495a6d8768fe92e,https://raw.githubusercontent.com/famelack/famelack-data/main/tv/raw/countries/pe.json
pg,pg.json,tv/raw/countries/pg.json,657f79c84ef15d424758bc213a45d053fc2f3bd3,https://raw.githubusercontent.com/famelack/famelack-data/main/tv/raw/countries/pg.json
ph,ph.json,tv/raw/countries/ph.json,b7b524a7d26a58d5af6dea1cb122195143808539,https://raw.githubusercontent.com/famelack/famelack-data/main/tv/raw/countries/ph.json
pk,pk.json,tv/raw/countries/pk.json,6558159c28c2a098ad32c02f793762e883ac3852,https://raw.githubusercontent.com/famelack/famelack-data/main/tv/raw/countries/pk.json
pl,pl.json,tv/raw/countries/pl.json,7a65606288195f99157fd8b01bca0a4591c344b9,https://raw.githubusercontent.com/famelack/famelack-data/main/tv/raw/countries/pl.json
pr,pr.json,tv/raw/countries/pr.json,230d1da4bf4ee6e0415b3895391404824db89eda,https://raw.githubusercontent.com/famelack/famelack-data/main/tv/raw/countries/pr.json
ps,ps.json,tv/raw/countries/ps.json,c6aad06230b95e7dbb6de9cdd2468e8dc7c9ed32,https://raw.githubusercontent.com/famelack/famelack-data/main/tv/raw/countries/ps.json
pt,pt.json,tv/raw/countries/pt.json,dc59ed4ff6017d4cd947a09eafaf9d0787d0ce70,https://raw.githubusercontent.com/famelack/famelack-data/main/tv/raw/countries/pt.json
py,py.json,tv/raw/countries/py.json,23cb73c88182e9dbcbad0f58d1bc2ca72da272bd,https://raw.githubusercontent.com/famelack/famelack-data/main/tv/raw/countries/py.json
qa,qa.json,tv/raw/countries/qa.json,69d6174c3796fb5a8b02bb5d79d9dcf86d27d11e,https://raw.githubusercontent.com/famelack/famelack-data/main/tv/raw/countries/qa.json
ro,ro.json,tv/raw/countries/ro.json,36b9d78bda51a6f880dd60df76ddc1b692ba172e,https://raw.githubusercontent.com/famelack/famelack-data/main/tv/raw/countries/ro.json
rs,rs.json,tv/raw/countries/rs.json,89d84eb410fca70877d5c6446dbb667464a607c1,https://raw.githubusercontent.com/famelack/famelack-data/main/tv/raw/countries/rs.json
ru,ru.json,tv/raw/countries/ru.json,a062d07cbb4433277402048e6aac0f90e1c54a64,https://raw.githubusercontent.com/famelack/famelack-data/main/tv/raw/countries/ru.json
rw,rw.json,tv/raw/countries/rw.json,78a7a2c1677af6d4cace2413cb8ef0c558db8cee,https://raw.githubusercontent.com/famelack/famelack-data/main/tv/raw/countries/rw.json
sa,sa.json,tv/raw/countries/sa.json,fcac6036fb7361fb4025470d9311a1a7e892e88b,https://raw.githubusercontent.com/famelack/famelack-data/main/tv/raw/countries/sa.json
sd,sd.json,tv/raw/countries/sd.json,187a552f4438381d4a344e9bac1de3fe2890fd84,https://raw.githubusercontent.com/famelack/famelack-data/main/tv/raw/countries/sd.json
se,se.json,tv/raw/countries/se.json,6f2cbf3b961f8096354761cb6d5ccf81d96f8129,https://raw.githubusercontent.com/famelack/famelack-data/main/tv/raw/countries/se.json
sg,sg.json,tv/raw/countries/sg.json,8ddc637570c70846f5f0f8f7faad6cb97b26d026,https://raw.githubusercontent.com/famelack/famelack-data/main/tv/raw/countries/sg.json
si,si.json,tv/raw/countries/si.json,176bf0fd8053cdabcc94251bc779dabadf40758c,https://raw.githubusercontent.com/famelack/famelack-data/main/tv/raw/countries/si.json
sk,sk.json,tv/raw/countries/sk.json,914966bbe0b0b353b4e90c5351816ccd5f3bcb09,https://raw.githubusercontent.com/famelack/famelack-data/main/tv/raw/countries/sk.json
sn,sn.json,tv/raw/countries/sn.json,314de0714a76c68898f22691d8b9497bcbb0a5e3,https://raw.githubusercontent.com/famelack/famelack-data/main/tv/raw/countries/sn.json
sr,sr.json,tv/raw/countries/sr.json,fdd77864c9703167778c10a69f19f327bc77f6fd,https://raw.githubusercontent.com/famelack/famelack-data/main/tv/raw/countries/sr.json
sv,sv.json,tv/raw/countries/sv.json,80258844bda07d1553c66b02b379a19cf75a5022,https://raw.githubusercontent.com/famelack/famelack-data/main/tv/raw/countries/sv.json
sx,sx.json,tv/raw/countries/sx.json,7ebb95820ee69211519360aa048146337970fe9e,https://raw.githubusercontent.com/famelack/famelack-data/main/tv/raw/countries/sx.json
sy,sy.json,tv/raw/countries/sy.json,6e636bddac11e708bd58eee28b5b57c0fda9a8cb,https://raw.githubusercontent.com/famelack/famelack-data/main/tv/raw/countries/sy.json
tg,tg.json,tv/raw/countries/tg.json,830aad7239ac88c629918e25bf378241bc3de0f5,https://raw.githubusercontent.com/famelack/famelack-data/main/tv/raw/countries/tg.json
th,th.json,tv/raw/countries/th.json,2a27c9bda100be54e37aba32cc552aca7892a04d,https://raw.githubusercontent.com/famelack/famelack-data/main/tv/raw/countries/th.json
tj,tj.json,tv/raw/countries/tj.json,6881626436d25fc1da4ca06a6fb50ee75d694144,https://raw.githubusercontent.com/famelack/famelack-data/main/tv/raw/countries/tj.json
tn,tn.json,tv/raw/countries/tn.json,b92880df27229f9cb9c9404fc806a11e5840a0ef,https://raw.githubusercontent.com/famelack/famelack-data/main/tv/raw/countries/tn.json
tr,tr.json,tv/raw/countries/tr.json,8ba58a008c782d167d4150d8eccabca304b87baa,https://raw.githubusercontent.com/famelack/famelack-data/main/tv/raw/countries/tr.json
tt,tt.json,tv/raw/countries/tt.json,f80c40b207ea8d6fed2a20aa6f26d71d5f9040e7,https://raw.githubusercontent.com/famelack/famelack-data/main/tv/raw/countries/tt.json
tw,tw.json,tv/raw/countries/tw.json,64c4b6e73bc49db0b81a0ef70a953f6339db9a83,https://raw.githubusercontent.com/famelack/famelack-data/main/tv/raw/countries/tw.json
tz,tz.json,tv/raw/countries/tz.json,a84fae60fb50bda903b58d489be279bb929e6842,https://raw.githubusercontent.com/famelack/famelack-data/main/tv/raw/countries/tz.json
ua,ua.json,tv/raw/countries/ua.json,c27c8e3e3147936550a1bd0e250bc6f527d8acb4,https://raw.githubusercontent.com/famelack/famelack-data/main/tv/raw/countries/ua.json
ug,ug.json,tv/raw/countries/ug.json,5760296230737960adc6ba68570f173487d6725b,https://raw.githubusercontent.com/famelack/famelack-data/main/tv/raw/countries/ug.json
uk,uk.json,tv/raw/countries/uk.json,01460f017c5f45aab6edf5975a72b37b3a33a75b,https://raw.githubusercontent.com/famelack/famelack-data/main/tv/raw/countries/uk.json
us,us.json,tv/raw/countries/us.json,8855ef8824cc1fde8cc7fa50669e62745b40dc65,https://raw.githubusercontent.com/famelack/famelack-data/main/tv/raw/countries/us.json
uy,uy.json,tv/raw/countries/uy.json,09c2504fb0ca20d7d320df0e15aa9595114a15a1,https://raw.githubusercontent.com/famelack/famelack-data/main/tv/raw/countries/uy.json
uz,uz.json,tv/raw/countries/uz.json,71dbfdaafd908eeba42246a2a6157dd4e8845e92,https://raw.githubusercontent.com/famelack/famelack-data/main/tv/raw/countries/uz.json
ve,ve.json,tv/raw/countries/ve.json,5d84b019c864255614d482f3dc2495cfd7cc9dd0,https://raw.githubusercontent.com/famelack/famelack-data/main/tv/raw/countries/ve.json
vg,vg.json,tv/raw/countries/vg.json,6ea9caa55d76faa9276fd090673308898c92756c,https://raw.githubusercontent.com/famelack/famelack-data/main/tv/raw/countries/vg.json
vn,vn.json,tv/raw/countries/vn.json,eae842880a4c6410e5e6741200b024218a32b198,https://raw.githubusercontent.com/famelack/famelack-data/main/tv/raw/countries/vn.json
xk,xk.json,tv/raw/countries/xk.json,d30297f41e1e85be7ee05d59b994b0ef9e2d09b9,https://raw.githubusercontent.com/famelack/famelack-data/main/tv/raw/countries/xk.json
ye,ye.json,tv/raw/countries/ye.json,6243786f3e7dc6eb8d0b7b3100d7d6d2c6fb7331,https://raw.githubusercontent.com/famelack/famelack-data/main/tv/raw/countries/ye.json
za,za.json,tv/raw/countries/za.json,d7e352f80b7d6c3d38aab75809d12ae83cffe3a2,https://raw.githubusercontent.com/famelack/famelack-data/main/tv/raw/countries/za.json
zw,zw.json,tv/raw/countries/zw.json,4af6f255848c8d8e3b87839848b0dcf0a26f4d52,https://raw.githubusercontent.com/famelack/famelack-data/main/tv/raw/countries/zw.json
